country,total
Colombia,1486699
Argentina,120631
Brazil,93253
Venezuela,49707
Canada,10305
Mexico,426
Poland,166
United Kingdom,156
Egypt,150
Germany,146
India,141
China,140
Iran,140
United States,135
Portugal,134
Ukraine,133
South Korea,125
Spain,114
Italy,109
Netherlands,103
Turkey,97
South Africa,96
Russia,95
Ireland,94
Indonesia,91
Pakistan,89
France,87
Israel,87
Norway,80
Greece,79
Scotland,79
Belgium,73
Australia,66
Japan,60
Sweden,58
