country,count
Japan,47
Scotland,47
Sweden,48
Australia,55
Belgium,63
Greece,66
Italy,66
Norway,66
Pakistan,66
Turkey,70
Mexico,70
Canada,70
Israel,71
Indonesia,71
Netherlands,71
Russia,72
Germany,73
Iran,73
South Korea,73
South Africa,74
Ireland,76
Ukraine,76
India,77
China,79
France,81
United States,81
Spain,81
Portugal,92
Egypt,93
United Kingdom,100
Poland,112
Brazil,10684
Argentina,12261
Colombia,12801
Venezuela,12938
